uuid,thumbnail,original_url,iiif_endpoint_url,edition,sheet_id,sub_sheet_id,sub_sub_sheet_id,sheet_title,year,image_name
d7125783-88ef-45e2-a53e-67a0e4c7c23d,"https://dlc.services/iiif-img/7/32/d7125783-88ef-45e2-a53e-67a0e4c7c23d/full/512,/0/default.jpg",https://webdata.tudelft.nl/staff-umbrella/digitalcollections/library/kaartenkamer/waterstaatskaart/2e/tweede-editie/01-05-Terschelling.jpg,https://dlc.services/iiif-img/7/32/d7125783-88ef-45e2-a53e-67a0e4c7c23d,2,1,-1,-1,05 Terschelling,-1,01-05-Terschelling
a548a062-88b1-4c3b-a707-2078c28891f1,"https://dlc.services/iiif-img/7/32/a548a062-88b1-4c3b-a707-2078c28891f1/full/512,/0/default.jpg",https://webdata.tudelft.nl/staff-umbrella/digitalcollections/library/kaartenkamer/waterstaatskaart/2e/tweede-editie/01-Ameland.jpg,https://dlc.services/iiif-img/7/32/a548a062-88b1-4c3b-a707-2078c28891f1,2,1,-1,-1,Ameland,-1,01-Ameland
34f403b9-5e6a-4d6c-a583-016aab906f9e,"https://dlc.services/iiif-img/7/32/34f403b9-5e6a-4d6c-a583-016aab906f9e/full/512,/0/default.jpg",https://webdata.tudelft.nl/staff-umbrella/digitalcollections/library/kaartenkamer/waterstaatskaart/2e/tweede-editie/02-Schiermonnikoog-1.jpg,https://dlc.services/iiif-img/7/32/34f403b9-5e6a-4d6c-a583-016aab906f9e,2,2,1,-1,Schiermonnikoog,-1,02-Schiermonnikoog-1
43194aa3-1834-48ca-a5a1-e3ac22486dd6,"https://dlc.services/iiif-img/7/32/43194aa3-1834-48ca-a5a1-e3ac22486dd6/full/512,/0/default.jpg",https://webdata.tudelft.nl/staff-umbrella/digitalcollections/library/kaartenkamer/waterstaatskaart/2e/tweede-editie/02-Schiermonnikoog-2.jpg,https://dlc.services/iiif-img/7/32/43194aa3-1834-48ca-a5a1-e3ac22486dd6,2,2,2,-1,Schiermonnikoog,-1,02-Schiermonnikoog-2
9ca9aad8-102b-488d-b2ed-db74d4f1278f,"https://dlc.services/iiif-img/7/32/9ca9aad8-102b-488d-b2ed-db74d4f1278f/full/512,/0/default.jpg",https://webdata.tudelft.nl/staff-umbrella/digitalcollections/library/kaartenkamer/waterstaatskaart/2e/tweede-editie/03-Uithuizen-1.jpg,https://dlc.services/iiif-img/7/32/9ca9aad8-102b-488d-b2ed-db74d4f1278f,2,3,1,-1,Uithuizen,-1,03-Uithuizen-1
cc76d7a8-4ea8-4644-ade7-b4b6386cbbec,"https://dlc.services/iiif-img/7/32/cc76d7a8-4ea8-4644-ade7-b4b6386cbbec/full/512,/0/default.jpg",https://webdata.tudelft.nl/staff-umbrella/digitalcollections/library/kaartenkamer/waterstaatskaart/2e/tweede-editie/03-Uithuizen-2.jpg,https://dlc.services/iiif-img/7/32/cc76d7a8-4ea8-4644-ade7-b4b6386cbbec,2,3,2,-1,Uithuizen,-1,03-Uithuizen-2
c7049865-781d-423f-978f-70c40758ba3d,"https://dlc.services/iiif-img/7/32/c7049865-781d-423f-978f-70c40758ba3d/full/512,/0/default.jpg",https://webdata.tudelft.nl/staff-umbrella/digitalcollections/library/kaartenkamer/waterstaatskaart/2e/tweede-editie/03-Uithuizen-3.jpg,https://dlc.services/iiif-img/7/32/c7049865-781d-423f-978f-70c40758ba3d,2,3,3,-1,Uithuizen,-1,03-Uithuizen-3
71d3c5ca-dcf1-4efb-b6da-e410ea4a3413,"https://dlc.services/iiif-img/7/32/71d3c5ca-dcf1-4efb-b6da-e410ea4a3413/full/512,/0/default.jpg",https://webdata.tudelft.nl/staff-umbrella/digitalcollections/library/kaartenkamer/waterstaatskaart/2e/tweede-editie/04-Vlieland-1.jpg,https://dlc.services/iiif-img/7/32/71d3c5ca-dcf1-4efb-b6da-e410ea4a3413,2,4,1,-1,Vlieland,-1,04-Vlieland-1
f2c5b80b-f4fc-4eb5-a24d-1430095bd0f7,"https://dlc.services/iiif-img/7/32/f2c5b80b-f4fc-4eb5-a24d-1430095bd0f7/full/512,/0/default.jpg",https://webdata.tudelft.nl/staff-umbrella/digitalcollections/library/kaartenkamer/waterstaatskaart/2e/tweede-editie/04-Vlieland-2.jpg,https://dlc.services/iiif-img/7/32/f2c5b80b-f4fc-4eb5-a24d-1430095bd0f7,2,4,2,-1,Vlieland,-1,04-Vlieland-2
9e634c37-8572-4b9c-b3f0-21051086155f,"https://dlc.services/iiif-img/7/32/9e634c37-8572-4b9c-b3f0-21051086155f/full/512,/0/default.jpg",https://webdata.tudelft.nl/staff-umbrella/digitalcollections/library/kaartenkamer/waterstaatskaart/2e/tweede-editie/05-Harlingen-1.jpg,https://dlc.services/iiif-img/7/32/9e634c37-8572-4b9c-b3f0-21051086155f,2,5,1,-1,Harlingen,-1,05-Harlingen-1
a61c8f6f-2c6e-4ef6-8edf-e02ad2966fe8,"https://dlc.services/iiif-img/7/32/a61c8f6f-2c6e-4ef6-8edf-e02ad2966fe8/full/512,/0/default.jpg",https://webdata.tudelft.nl/staff-umbrella/digitalcollections/library/kaartenkamer/waterstaatskaart/2e/tweede-editie/05-Harlingen-2.jpg,https://dlc.services/iiif-img/7/32/a61c8f6f-2c6e-4ef6-8edf-e02ad2966fe8,2,5,2,-1,Harlingen,-1,05-Harlingen-2
329e0cbf-51dd-4869-bf79-de61a76311d7,"https://dlc.services/iiif-img/7/32/329e0cbf-51dd-4869-bf79-de61a76311d7/full/512,/0/default.jpg",https://webdata.tudelft.nl/staff-umbrella/digitalcollections/library/kaartenkamer/waterstaatskaart/2e/tweede-editie/05-Harlingen-3.jpg,https://dlc.services/iiif-img/7/32/329e0cbf-51dd-4869-bf79-de61a76311d7,2,5,3,-1,Harlingen,-1,05-Harlingen-3
53a8dc01-86a4-4d47-8504-ff31b386fd4e,"https://dlc.services/iiif-img/7/32/53a8dc01-86a4-4d47-8504-ff31b386fd4e/full/512,/0/default.jpg",https://webdata.tudelft.nl/staff-umbrella/digitalcollections/library/kaartenkamer/waterstaatskaart/2e/tweede-editie/06-Leeuwarden-1.jpg,https://dlc.services/iiif-img/7/32/53a8dc01-86a4-4d47-8504-ff31b386fd4e,2,6,1,-1,Leeuwarden,-1,06-Leeuwarden-1
c6e706fe-7255-4caf-bb5f-c1107cbd0b54,"https://dlc.services/iiif-img/7/32/c6e706fe-7255-4caf-bb5f-c1107cbd0b54/full/512,/0/default.jpg",https://webdata.tudelft.nl/staff-umbrella/digitalcollections/library/kaartenkamer/waterstaatskaart/2e/tweede-editie/06-Leeuwarden-2.jpg,https://dlc.services/iiif-img/7/32/c6e706fe-7255-4caf-bb5f-c1107cbd0b54,2,6,2,-1,Leeuwarden,-1,06-Leeuwarden-2
216b2a67-0531-42d9-836f-160e2fe98f17,"https://dlc.services/iiif-img/7/32/216b2a67-0531-42d9-836f-160e2fe98f17/full/512,/0/default.jpg",https://webdata.tudelft.nl/staff-umbrella/digitalcollections/library/kaartenkamer/waterstaatskaart/2e/tweede-editie/06-Leeuwarden-3.jpg,https://dlc.services/iiif-img/7/32/216b2a67-0531-42d9-836f-160e2fe98f17,2,6,3,-1,Leeuwarden,-1,06-Leeuwarden-3
3391ce66-1ca6-4656-a344-24c1659d63f1,"https://dlc.services/iiif-img/7/32/3391ce66-1ca6-4656-a344-24c1659d63f1/full/512,/0/default.jpg",https://webdata.tudelft.nl/staff-umbrella/digitalcollections/library/kaartenkamer/waterstaatskaart/2e/tweede-editie/06-Leeuwarden-4.jpg,https://dlc.services/iiif-img/7/32/3391ce66-1ca6-4656-a344-24c1659d63f1,2,6,4,-1,Leeuwarden,-1,06-Leeuwarden-4
1836812d-eb3c-407a-b0cc-05b9d152d272,"https://dlc.services/iiif-img/7/32/1836812d-eb3c-407a-b0cc-05b9d152d272/full/512,/0/default.jpg",https://webdata.tudelft.nl/staff-umbrella/digitalcollections/library/kaartenkamer/waterstaatskaart/2e/tweede-editie/09-Helder-1.jpg,https://dlc.services/iiif-img/7/32/1836812d-eb3c-407a-b0cc-05b9d152d272,2,9,1,-1,Helder,-1,09-Helder-1
0c24e555-679a-4652-a2d4-63edd33a453c,"https://dlc.services/iiif-img/7/32/0c24e555-679a-4652-a2d4-63edd33a453c/full/512,/0/default.jpg",https://webdata.tudelft.nl/staff-umbrella/digitalcollections/library/kaartenkamer/waterstaatskaart/2e/tweede-editie/10-Sneek-1.jpg,https://dlc.services/iiif-img/7/32/0c24e555-679a-4652-a2d4-63edd33a453c,2,10,1,-1,Sneek,-1,10-Sneek-1
04b811a4-09f3-4ec8-9936-8d8add46832e,"https://dlc.services/iiif-img/7/32/04b811a4-09f3-4ec8-9936-8d8add46832e/full/512,/0/default.jpg",https://webdata.tudelft.nl/staff-umbrella/digitalcollections/library/kaartenkamer/waterstaatskaart/2e/tweede-editie/10-Sneek-2.jpg,https://dlc.services/iiif-img/7/32/04b811a4-09f3-4ec8-9936-8d8add46832e,2,10,2,-1,Sneek,-1,10-Sneek-2
d66e5895-9d9c-42bf-ba42-7018f3788ded,"https://dlc.services/iiif-img/7/32/d66e5895-9d9c-42bf-ba42-7018f3788ded/full/512,/0/default.jpg",https://webdata.tudelft.nl/staff-umbrella/digitalcollections/library/kaartenkamer/waterstaatskaart/2e/tweede-editie/10-Sneek-3.jpg,https://dlc.services/iiif-img/7/32/d66e5895-9d9c-42bf-ba42-7018f3788ded,2,10,3,-1,Sneek,-1,10-Sneek-3
74c6cc2b-8116-4c16-82b3-771af7945a23,"https://dlc.services/iiif-img/7/32/74c6cc2b-8116-4c16-82b3-771af7945a23/full/512,/0/default.jpg",https://webdata.tudelft.nl/staff-umbrella/digitalcollections/library/kaartenkamer/waterstaatskaart/2e/tweede-editie/10-Sneek-4.jpg,https://dlc.services/iiif-img/7/32/74c6cc2b-8116-4c16-82b3-771af7945a23,2,10,4,-1,Sneek,-1,10-Sneek-4
a9d73704-4502-4d78-b764-0ba78735b862,"https://dlc.services/iiif-img/7/32/a9d73704-4502-4d78-b764-0ba78735b862/full/512,/0/default.jpg",https://webdata.tudelft.nl/staff-umbrella/digitalcollections/library/kaartenkamer/waterstaatskaart/2e/tweede-editie/11-Heerenveen-1.jpg,https://dlc.services/iiif-img/7/32/a9d73704-4502-4d78-b764-0ba78735b862,2,11,1,-1,Heerenveen,-1,11-Heerenveen-1
3109b7d1-25e9-41a7-8e4a-7c329f1ad9e8,"https://dlc.services/iiif-img/7/32/3109b7d1-25e9-41a7-8e4a-7c329f1ad9e8/full/512,/0/default.jpg",https://webdata.tudelft.nl/staff-umbrella/digitalcollections/library/kaartenkamer/waterstaatskaart/2e/tweede-editie/11-Heerenveen-2.jpg,https://dlc.services/iiif-img/7/32/3109b7d1-25e9-41a7-8e4a-7c329f1ad9e8,2,11,2,-1,Heerenveen,-1,11-Heerenveen-2
0b080615-5258-4d5a-b609-d623d116a79c,"https://dlc.services/iiif-img/7/32/0b080615-5258-4d5a-b609-d623d116a79c/full/512,/0/default.jpg",https://webdata.tudelft.nl/staff-umbrella/digitalcollections/library/kaartenkamer/waterstaatskaart/2e/tweede-editie/11-Heerenveen-3.jpg,https://dlc.services/iiif-img/7/32/0b080615-5258-4d5a-b609-d623d116a79c,2,11,3,-1,Heerenveen,-1,11-Heerenveen-3
2eb85d43-9058-4f35-9c34-fc4133a6bdbc,"https://dlc.services/iiif-img/7/32/2eb85d43-9058-4f35-9c34-fc4133a6bdbc/full/512,/0/default.jpg",https://webdata.tudelft.nl/staff-umbrella/digitalcollections/library/kaartenkamer/waterstaatskaart/2e/tweede-editie/11-Heerenveen-4.jpg,https://dlc.services/iiif-img/7/32/2eb85d43-9058-4f35-9c34-fc4133a6bdbc,2,11,4,-1,Heerenveen,-1,11-Heerenveen-4
0d03ad7d-50a9-4e37-b7b4-5f7b058d4964,"https://dlc.services/iiif-img/7/32/0d03ad7d-50a9-4e37-b7b4-5f7b058d4964/full/512,/0/default.jpg",https://webdata.tudelft.nl/staff-umbrella/digitalcollections/library/kaartenkamer/waterstaatskaart/2e/tweede-editie/12-Assen-1.jpg,https://dlc.services/iiif-img/7/32/0d03ad7d-50a9-4e37-b7b4-5f7b058d4964,2,12,1,-1,Assen,-1,12-Assen-1
3554f2e6-de5a-4d93-a1f0-ddd77b9ebf0f,"https://dlc.services/iiif-img/7/32/3554f2e6-de5a-4d93-a1f0-ddd77b9ebf0f/full/512,/0/default.jpg",https://webdata.tudelft.nl/staff-umbrella/digitalcollections/library/kaartenkamer/waterstaatskaart/2e/tweede-editie/12-Assen-2.jpg,https://dlc.services/iiif-img/7/32/3554f2e6-de5a-4d93-a1f0-ddd77b9ebf0f,2,12,2,-1,Assen,-1,12-Assen-2
5b90666a-8e76-4ae5-986c-a3f7b368f642,"https://dlc.services/iiif-img/7/32/5b90666a-8e76-4ae5-986c-a3f7b368f642/full/512,/0/default.jpg",https://webdata.tudelft.nl/staff-umbrella/digitalcollections/library/kaartenkamer/waterstaatskaart/2e/tweede-editie/12-Assen-3.jpg,https://dlc.services/iiif-img/7/32/5b90666a-8e76-4ae5-986c-a3f7b368f642,2,12,3,-1,Assen,-1,12-Assen-3
3b8289ed-4775-4aca-80a4-23f44a5e2aa1,"https://dlc.services/iiif-img/7/32/3b8289ed-4775-4aca-80a4-23f44a5e2aa1/full/512,/0/default.jpg",https://webdata.tudelft.nl/staff-umbrella/digitalcollections/library/kaartenkamer/waterstaatskaart/2e/tweede-editie/12-Assen-4.jpg,https://dlc.services/iiif-img/7/32/3b8289ed-4775-4aca-80a4-23f44a5e2aa1,2,12,4,-1,Assen,-1,12-Assen-4
fe9776e9-2687-428a-9251-9dc0cfda1c9c,"https://dlc.services/iiif-img/7/32/fe9776e9-2687-428a-9251-9dc0cfda1c9c/full/512,/0/default.jpg",https://webdata.tudelft.nl/staff-umbrella/digitalcollections/library/kaartenkamer/waterstaatskaart/2e/tweede-editie/13-Bourtange-1.jpg,https://dlc.services/iiif-img/7/32/fe9776e9-2687-428a-9251-9dc0cfda1c9c,2,13,1,-1,Bourtange,-1,13-Bourtange-1
f948ebb9-1c92-47a0-9813-d417f51e1e49,"https://dlc.services/iiif-img/7/32/f948ebb9-1c92-47a0-9813-d417f51e1e49/full/512,/0/default.jpg",https://webdata.tudelft.nl/staff-umbrella/digitalcollections/library/kaartenkamer/waterstaatskaart/2e/tweede-editie/13-Bourtange-2.jpg,https://dlc.services/iiif-img/7/32/f948ebb9-1c92-47a0-9813-d417f51e1e49,2,13,2,-1,Bourtange,-1,13-Bourtange-2
97bff8e4-a57d-45f4-b654-a3e9ba443642,"https://dlc.services/iiif-img/7/32/97bff8e4-a57d-45f4-b654-a3e9ba443642/full/512,/0/default.jpg",https://webdata.tudelft.nl/staff-umbrella/digitalcollections/library/kaartenkamer/waterstaatskaart/2e/tweede-editie/14-Medemblik-1-1925.jpg,https://dlc.services/iiif-img/7/32/97bff8e4-a57d-45f4-b654-a3e9ba443642,2,14,1,-1,Medemblik,1925,14-Medemblik-1-1925
518eb780-c1b7-4d29-bd3a-3fdaa8b4635f,"https://dlc.services/iiif-img/7/32/518eb780-c1b7-4d29-bd3a-3fdaa8b4635f/full/512,/0/default.jpg",https://webdata.tudelft.nl/staff-umbrella/digitalcollections/library/kaartenkamer/waterstaatskaart/2e/tweede-editie/14-Medemblik-2.jpg,https://dlc.services/iiif-img/7/32/518eb780-c1b7-4d29-bd3a-3fdaa8b4635f,2,14,2,-1,Medemblik,-1,14-Medemblik-2
58062dd7-61b5-40f0-97f4-c8ce366080b7,"https://dlc.services/iiif-img/7/32/58062dd7-61b5-40f0-97f4-c8ce366080b7/full/512,/0/default.jpg",https://webdata.tudelft.nl/staff-umbrella/digitalcollections/library/kaartenkamer/waterstaatskaart/2e/tweede-editie/14-Medemblik-3.jpg,https://dlc.services/iiif-img/7/32/58062dd7-61b5-40f0-97f4-c8ce366080b7,2,14,3,-1,Medemblik,-1,14-Medemblik-3
c8c44bc7-2b8d-4eb5-84a7-f7fc1746cbbd,"https://dlc.services/iiif-img/7/32/c8c44bc7-2b8d-4eb5-84a7-f7fc1746cbbd/full/512,/0/default.jpg",https://webdata.tudelft.nl/staff-umbrella/digitalcollections/library/kaartenkamer/waterstaatskaart/2e/tweede-editie/14-Medemblik-4.jpg,https://dlc.services/iiif-img/7/32/c8c44bc7-2b8d-4eb5-84a7-f7fc1746cbbd,2,14,4,-1,Medemblik,-1,14-Medemblik-4
e86c5464-6737-4476-8804-59f463a52cd9,"https://dlc.services/iiif-img/7/32/e86c5464-6737-4476-8804-59f463a52cd9/full/512,/0/default.jpg",https://webdata.tudelft.nl/staff-umbrella/digitalcollections/library/kaartenkamer/waterstaatskaart/2e/tweede-editie/15-Stavoren-1.jpg,https://dlc.services/iiif-img/7/32/e86c5464-6737-4476-8804-59f463a52cd9,2,15,1,-1,Stavoren,-1,15-Stavoren-1
0c69628c-3e29-4d3b-99ad-ee0a3fa0f8eb,"https://dlc.services/iiif-img/7/32/0c69628c-3e29-4d3b-99ad-ee0a3fa0f8eb/full/512,/0/default.jpg",https://webdata.tudelft.nl/staff-umbrella/digitalcollections/library/kaartenkamer/waterstaatskaart/2e/tweede-editie/15-Stavoren-2.jpg,https://dlc.services/iiif-img/7/32/0c69628c-3e29-4d3b-99ad-ee0a3fa0f8eb,2,15,2,-1,Stavoren,-1,15-Stavoren-2
10ec7a1a-9c78-4a16-8028-84917f003545,"https://dlc.services/iiif-img/7/32/10ec7a1a-9c78-4a16-8028-84917f003545/full/512,/0/default.jpg",https://webdata.tudelft.nl/staff-umbrella/digitalcollections/library/kaartenkamer/waterstaatskaart/2e/tweede-editie/15-Stavoren-3.jpg,https://dlc.services/iiif-img/7/32/10ec7a1a-9c78-4a16-8028-84917f003545,2,15,3,-1,Stavoren,-1,15-Stavoren-3
81b51f77-cc3a-4517-a829-1d9042dbd92f,"https://dlc.services/iiif-img/7/32/81b51f77-cc3a-4517-a829-1d9042dbd92f/full/512,/0/default.jpg",https://webdata.tudelft.nl/staff-umbrella/digitalcollections/library/kaartenkamer/waterstaatskaart/2e/tweede-editie/16-Steenwijk-1.jpg,https://dlc.services/iiif-img/7/32/81b51f77-cc3a-4517-a829-1d9042dbd92f,2,16,1,-1,Steenwijk,-1,16-Steenwijk-1
a6051bf1-051b-496a-969c-a70cb46d2507,"https://dlc.services/iiif-img/7/32/a6051bf1-051b-496a-969c-a70cb46d2507/full/512,/0/default.jpg",https://webdata.tudelft.nl/staff-umbrella/digitalcollections/library/kaartenkamer/waterstaatskaart/2e/tweede-editie/16-Steenwijk-2.jpg,https://dlc.services/iiif-img/7/32/a6051bf1-051b-496a-969c-a70cb46d2507,2,16,2,-1,Steenwijk,-1,16-Steenwijk-2
4204eca7-186b-4722-86f8-eabbfa22d8e1,"https://dlc.services/iiif-img/7/32/4204eca7-186b-4722-86f8-eabbfa22d8e1/full/512,/0/default.jpg",https://webdata.tudelft.nl/staff-umbrella/digitalcollections/library/kaartenkamer/waterstaatskaart/2e/tweede-editie/16-Steenwijk-3.jpg,https://dlc.services/iiif-img/7/32/4204eca7-186b-4722-86f8-eabbfa22d8e1,2,16,3,-1,Steenwijk,-1,16-Steenwijk-3
5eb7bef0-88ec-4f53-ba3e-fc000824eeef,"https://dlc.services/iiif-img/7/32/5eb7bef0-88ec-4f53-ba3e-fc000824eeef/full/512,/0/default.jpg",https://webdata.tudelft.nl/staff-umbrella/digitalcollections/library/kaartenkamer/waterstaatskaart/2e/tweede-editie/16-Steenwijk-4.jpg,https://dlc.services/iiif-img/7/32/5eb7bef0-88ec-4f53-ba3e-fc000824eeef,2,16,4,-1,Steenwijk,-1,16-Steenwijk-4
a430445c-8348-4c10-9d45-c48551e58f9b,"https://dlc.services/iiif-img/7/32/a430445c-8348-4c10-9d45-c48551e58f9b/full/512,/0/default.jpg",https://webdata.tudelft.nl/staff-umbrella/digitalcollections/library/kaartenkamer/waterstaatskaart/2e/tweede-editie/17-Beilen-1.jpg,https://dlc.services/iiif-img/7/32/a430445c-8348-4c10-9d45-c48551e58f9b,2,17,1,-1,Beilen,-1,17-Beilen-1
44add7fd-0411-4880-950a-a133f53854ae,"https://dlc.services/iiif-img/7/32/44add7fd-0411-4880-950a-a133f53854ae/full/512,/0/default.jpg",https://webdata.tudelft.nl/staff-umbrella/digitalcollections/library/kaartenkamer/waterstaatskaart/2e/tweede-editie/17-Beilen-2.jpg,https://dlc.services/iiif-img/7/32/44add7fd-0411-4880-950a-a133f53854ae,2,17,2,-1,Beilen,-1,17-Beilen-2
d7908df3-39ec-4259-b616-bdaee0455b79,"https://dlc.services/iiif-img/7/32/d7908df3-39ec-4259-b616-bdaee0455b79/full/512,/0/default.jpg",https://webdata.tudelft.nl/staff-umbrella/digitalcollections/library/kaartenkamer/waterstaatskaart/2e/tweede-editie/17-Beilen-3.jpg,https://dlc.services/iiif-img/7/32/d7908df3-39ec-4259-b616-bdaee0455b79,2,17,3,-1,Beilen,-1,17-Beilen-3
ae676d74-e62a-4862-a610-180ef98f51c2,"https://dlc.services/iiif-img/7/32/ae676d74-e62a-4862-a610-180ef98f51c2/full/512,/0/default.jpg",https://webdata.tudelft.nl/staff-umbrella/digitalcollections/library/kaartenkamer/waterstaatskaart/2e/tweede-editie/17-Beilen-4.jpg,https://dlc.services/iiif-img/7/32/ae676d74-e62a-4862-a610-180ef98f51c2,2,17,4,-1,Beilen,-1,17-Beilen-4
38561b17-4c86-44ed-89b7-334c1e4a3882,"https://dlc.services/iiif-img/7/32/38561b17-4c86-44ed-89b7-334c1e4a3882/full/512,/0/default.jpg",https://webdata.tudelft.nl/staff-umbrella/digitalcollections/library/kaartenkamer/waterstaatskaart/2e/tweede-editie/18-Roswinkel-1.jpg,https://dlc.services/iiif-img/7/32/38561b17-4c86-44ed-89b7-334c1e4a3882,2,18,1,-1,Roswinkel,-1,18-Roswinkel-1
0a4eb0cf-b42b-4145-9128-d255f5a71e10,"https://dlc.services/iiif-img/7/32/0a4eb0cf-b42b-4145-9128-d255f5a71e10/full/512,/0/default.jpg",https://webdata.tudelft.nl/staff-umbrella/digitalcollections/library/kaartenkamer/waterstaatskaart/2e/tweede-editie/18-Roswinkel-2.jpg,https://dlc.services/iiif-img/7/32/0a4eb0cf-b42b-4145-9128-d255f5a71e10,2,18,2,-1,Roswinkel,-1,18-Roswinkel-2
91ed2af4-bfdc-40b8-9977-a7d7ddbc5533,"https://dlc.services/iiif-img/7/32/91ed2af4-bfdc-40b8-9977-a7d7ddbc5533/full/512,/0/default.jpg",https://webdata.tudelft.nl/staff-umbrella/digitalcollections/library/kaartenkamer/waterstaatskaart/2e/tweede-editie/19-Alkmaar-1.jpg,https://dlc.services/iiif-img/7/32/91ed2af4-bfdc-40b8-9977-a7d7ddbc5533,2,19,1,-1,Alkmaar,-1,19-Alkmaar-1
f52c523f-aba7-4481-9f7c-d60da4dd379b,"https://dlc.services/iiif-img/7/32/f52c523f-aba7-4481-9f7c-d60da4dd379b/full/512,/0/default.jpg",https://webdata.tudelft.nl/staff-umbrella/digitalcollections/library/kaartenkamer/waterstaatskaart/2e/tweede-editie/19-Alkmaar-2.jpg,https://dlc.services/iiif-img/7/32/f52c523f-aba7-4481-9f7c-d60da4dd379b,2,19,2,-1,Alkmaar,-1,19-Alkmaar-2
fec58bf2-05aa-4a56-9d34-7a98c05b84ff,"https://dlc.services/iiif-img/7/32/fec58bf2-05aa-4a56-9d34-7a98c05b84ff/full/512,/0/default.jpg",https://webdata.tudelft.nl/staff-umbrella/digitalcollections/library/kaartenkamer/waterstaatskaart/2e/tweede-editie/19-Alkmaar-3.jpg,https://dlc.services/iiif-img/7/32/fec58bf2-05aa-4a56-9d34-7a98c05b84ff,2,19,3,-1,Alkmaar,-1,19-Alkmaar-3
7b8f5c35-142a-46a9-9b0a-7bf9323f56b7,"https://dlc.services/iiif-img/7/32/7b8f5c35-142a-46a9-9b0a-7bf9323f56b7/full/512,/0/default.jpg",https://webdata.tudelft.nl/staff-umbrella/digitalcollections/library/kaartenkamer/waterstaatskaart/2e/tweede-editie/19-Alkmaar-4.jpg,https://dlc.services/iiif-img/7/32/7b8f5c35-142a-46a9-9b0a-7bf9323f56b7,2,19,4,-1,Alkmaar,-1,19-Alkmaar-4
0b61ff54-bec0-4297-b507-9b8c2a53aeb3,"https://dlc.services/iiif-img/7/32/0b61ff54-bec0-4297-b507-9b8c2a53aeb3/full/512,/0/default.jpg",https://webdata.tudelft.nl/staff-umbrella/digitalcollections/library/kaartenkamer/waterstaatskaart/2e/tweede-editie/20-Enkhuizen-1.jpg,https://dlc.services/iiif-img/7/32/0b61ff54-bec0-4297-b507-9b8c2a53aeb3,2,20,1,-1,Enkhuizen,-1,20-Enkhuizen-1
181a11a8-50c3-457b-9b17-f600fa4693c5,"https://dlc.services/iiif-img/7/32/181a11a8-50c3-457b-9b17-f600fa4693c5/full/512,/0/default.jpg",https://webdata.tudelft.nl/staff-umbrella/digitalcollections/library/kaartenkamer/waterstaatskaart/2e/tweede-editie/21-Zwolle-4.jpg,https://dlc.services/iiif-img/7/32/181a11a8-50c3-457b-9b17-f600fa4693c5,2,21,4,-1,Zwolle,-1,21-Zwolle-4
4d2f8089-bdb5-42b8-a9c1-c40699a937f2,"https://dlc.services/iiif-img/7/32/4d2f8089-bdb5-42b8-a9c1-c40699a937f2/full/512,/0/default.jpg",https://webdata.tudelft.nl/staff-umbrella/digitalcollections/library/kaartenkamer/waterstaatskaart/2e/tweede-editie/22-Coevorden-1.jpg,https://dlc.services/iiif-img/7/32/4d2f8089-bdb5-42b8-a9c1-c40699a937f2,2,22,1,-1,Coevorden,-1,22-Coevorden-1
295a800b-4b1a-482e-9966-50828b435092,"https://dlc.services/iiif-img/7/32/295a800b-4b1a-482e-9966-50828b435092/full/512,/0/default.jpg",https://webdata.tudelft.nl/staff-umbrella/digitalcollections/library/kaartenkamer/waterstaatskaart/2e/tweede-editie/22-Coevorden-3.jpg,https://dlc.services/iiif-img/7/32/295a800b-4b1a-482e-9966-50828b435092,2,22,3,-1,Coevorden,-1,22-Coevorden-3
8d263244-f82a-4f4e-96cc-55de9b32109a,"https://dlc.services/iiif-img/7/32/8d263244-f82a-4f4e-96cc-55de9b32109a/full/512,/0/default.jpg",https://webdata.tudelft.nl/staff-umbrella/digitalcollections/library/kaartenkamer/waterstaatskaart/2e/tweede-editie/22-Coevorden-Oost.jpg,https://dlc.services/iiif-img/7/32/8d263244-f82a-4f4e-96cc-55de9b32109a,2,22,-1,-1,Coevorden Oost,-1,22-Coevorden-Oost
d183ca17-9dcd-4d22-ab3d-3c1fcd4cbcf1,"https://dlc.services/iiif-img/7/32/d183ca17-9dcd-4d22-ab3d-3c1fcd4cbcf1/full/512,/0/default.jpg",https://webdata.tudelft.nl/staff-umbrella/digitalcollections/library/kaartenkamer/waterstaatskaart/2e/tweede-editie/23-Nieuw-Schoonebeek.jpg,https://dlc.services/iiif-img/7/32/d183ca17-9dcd-4d22-ab3d-3c1fcd4cbcf1,2,23,-1,-1,Nieuw Schoonebeek,-1,23-Nieuw-Schoonebeek
dd37718c-3297-4cbf-b1ba-f9ae59b505c5,"https://dlc.services/iiif-img/7/32/dd37718c-3297-4cbf-b1ba-f9ae59b505c5/full/512,/0/default.jpg",https://webdata.tudelft.nl/staff-umbrella/digitalcollections/library/kaartenkamer/waterstaatskaart/2e/tweede-editie/24-Hillegom-1.jpg,https://dlc.services/iiif-img/7/32/dd37718c-3297-4cbf-b1ba-f9ae59b505c5,2,24,1,-1,Hillegom,-1,24-Hillegom-1
ab38efd4-f905-4f58-9b77-9d4159b904fc,"https://dlc.services/iiif-img/7/32/ab38efd4-f905-4f58-9b77-9d4159b904fc/full/512,/0/default.jpg",https://webdata.tudelft.nl/staff-umbrella/digitalcollections/library/kaartenkamer/waterstaatskaart/2e/tweede-editie/24-Hillegom-2.jpg,https://dlc.services/iiif-img/7/32/ab38efd4-f905-4f58-9b77-9d4159b904fc,2,24,2,-1,Hillegom,-1,24-Hillegom-2
87389757-d453-4cba-b6d1-a6459615cf05,"https://dlc.services/iiif-img/7/32/87389757-d453-4cba-b6d1-a6459615cf05/full/512,/0/default.jpg",https://webdata.tudelft.nl/staff-umbrella/digitalcollections/library/kaartenkamer/waterstaatskaart/2e/tweede-editie/25-Amsterdam-1.jpg,https://dlc.services/iiif-img/7/32/87389757-d453-4cba-b6d1-a6459615cf05,2,25,1,-1,Amsterdam,-1,25-Amsterdam-1
922499c7-f2ac-4b9f-8d25-6529d8767530,"https://dlc.services/iiif-img/7/32/922499c7-f2ac-4b9f-8d25-6529d8767530/full/512,/0/default.jpg",https://webdata.tudelft.nl/staff-umbrella/digitalcollections/library/kaartenkamer/waterstaatskaart/2e/tweede-editie/25-Amsterdam-2.jpg,https://dlc.services/iiif-img/7/32/922499c7-f2ac-4b9f-8d25-6529d8767530,2,25,2,-1,Amsterdam,-1,25-Amsterdam-2
33180574-9b9e-42ba-b8c3-438d340d591a,"https://dlc.services/iiif-img/7/32/33180574-9b9e-42ba-b8c3-438d340d591a/full/512,/0/default.jpg",https://webdata.tudelft.nl/staff-umbrella/digitalcollections/library/kaartenkamer/waterstaatskaart/2e/tweede-editie/25-Amsterdam-3.jpg,https://dlc.services/iiif-img/7/32/33180574-9b9e-42ba-b8c3-438d340d591a,2,25,3,-1,Amsterdam,-1,25-Amsterdam-3
7fd2151d-293c-4bbc-9d8d-35d2e74ed8f6,"https://dlc.services/iiif-img/7/32/7fd2151d-293c-4bbc-9d8d-35d2e74ed8f6/full/512,/0/default.jpg",https://webdata.tudelft.nl/staff-umbrella/digitalcollections/library/kaartenkamer/waterstaatskaart/2e/tweede-editie/25-Amsterdam-4.jpg,https://dlc.services/iiif-img/7/32/7fd2151d-293c-4bbc-9d8d-35d2e74ed8f6,2,25,4,-1,Amsterdam,-1,25-Amsterdam-4
b8bec0c6-de57-4572-abaf-b61db7af7865,"https://dlc.services/iiif-img/7/32/b8bec0c6-de57-4572-abaf-b61db7af7865/full/512,/0/default.jpg",https://webdata.tudelft.nl/staff-umbrella/digitalcollections/library/kaartenkamer/waterstaatskaart/2e/tweede-editie/26-Harderwijk-1.jpg,https://dlc.services/iiif-img/7/32/b8bec0c6-de57-4572-abaf-b61db7af7865,2,26,1,-1,Harderwijk,-1,26-Harderwijk-1
b896c380-d630-4ecc-9df2-6cd3067d1024,"https://dlc.services/iiif-img/7/32/b896c380-d630-4ecc-9df2-6cd3067d1024/full/512,/0/default.jpg",https://webdata.tudelft.nl/staff-umbrella/digitalcollections/library/kaartenkamer/waterstaatskaart/2e/tweede-editie/27-Hattem-Oost.jpg,https://dlc.services/iiif-img/7/32/b896c380-d630-4ecc-9df2-6cd3067d1024,2,27,-1,-1,Hattem Oost,-1,27-Hattem-Oost
f3726a17-cf7c-4a3e-a14f-7de150aa34ad,"https://dlc.services/iiif-img/7/32/f3726a17-cf7c-4a3e-a14f-7de150aa34ad/full/512,/0/default.jpg",https://webdata.tudelft.nl/staff-umbrella/digitalcollections/library/kaartenkamer/waterstaatskaart/2e/tweede-editie/27-Hattem-West.jpg,https://dlc.services/iiif-img/7/32/f3726a17-cf7c-4a3e-a14f-7de150aa34ad,2,27,-1,-1,Hattem West,-1,27-Hattem-West
e06ae3e4-b48f-4c76-b25d-ac527f2ee09e,"https://dlc.services/iiif-img/7/32/e06ae3e4-b48f-4c76-b25d-ac527f2ee09e/full/512,/0/default.jpg",https://webdata.tudelft.nl/staff-umbrella/digitalcollections/library/kaartenkamer/waterstaatskaart/2e/tweede-editie/28-Almelo-Oost.jpg,https://dlc.services/iiif-img/7/32/e06ae3e4-b48f-4c76-b25d-ac527f2ee09e,2,28,-1,-1,Almelo Oost,-1,28-Almelo-Oost
a22e892c-694e-4bdf-a690-4396f5be470f,"https://dlc.services/iiif-img/7/32/a22e892c-694e-4bdf-a690-4396f5be470f/full/512,/0/default.jpg",https://webdata.tudelft.nl/staff-umbrella/digitalcollections/library/kaartenkamer/waterstaatskaart/2e/tweede-editie/28-Almelo-West.jpg,https://dlc.services/iiif-img/7/32/a22e892c-694e-4bdf-a690-4396f5be470f,2,28,-1,-1,Almelo West,-1,28-Almelo-West
8828b44d-3748-4726-8704-1ef951c508bf,"https://dlc.services/iiif-img/7/32/8828b44d-3748-4726-8704-1ef951c508bf/full/512,/0/default.jpg",https://webdata.tudelft.nl/staff-umbrella/digitalcollections/library/kaartenkamer/waterstaatskaart/2e/tweede-editie/29-Denekamp-1.jpg,https://dlc.services/iiif-img/7/32/8828b44d-3748-4726-8704-1ef951c508bf,2,29,1,-1,Denekamp,-1,29-Denekamp-1
2fa26c23-ebe7-46fd-bd5e-103dfc9c5c6e,"https://dlc.services/iiif-img/7/32/2fa26c23-ebe7-46fd-bd5e-103dfc9c5c6e/full/512,/0/default.jpg",https://webdata.tudelft.nl/staff-umbrella/digitalcollections/library/kaartenkamer/waterstaatskaart/2e/tweede-editie/29-Denekamp-2.jpg,https://dlc.services/iiif-img/7/32/2fa26c23-ebe7-46fd-bd5e-103dfc9c5c6e,2,29,2,-1,Denekamp,-1,29-Denekamp-2
1df3ebdc-590e-4bfa-adb1-19ce450092da,"https://dlc.services/iiif-img/7/32/1df3ebdc-590e-4bfa-adb1-19ce450092da/full/512,/0/default.jpg",https://webdata.tudelft.nl/staff-umbrella/digitalcollections/library/kaartenkamer/waterstaatskaart/2e/tweede-editie/30-s-Gravenhage-1.jpg,https://dlc.services/iiif-img/7/32/1df3ebdc-590e-4bfa-adb1-19ce450092da,2,30,1,-1,s Gravenhage,-1,30-s-Gravenhage-1
3f75b5e7-bcd3-401c-972b-db05a45d37d6,"https://dlc.services/iiif-img/7/32/3f75b5e7-bcd3-401c-972b-db05a45d37d6/full/512,/0/default.jpg",https://webdata.tudelft.nl/staff-umbrella/digitalcollections/library/kaartenkamer/waterstaatskaart/2e/tweede-editie/30-s-Gravenhage-2.jpg,https://dlc.services/iiif-img/7/32/3f75b5e7-bcd3-401c-972b-db05a45d37d6,2,30,2,-1,s Gravenhage,-1,30-s-Gravenhage-2
50045ba7-6813-4ea6-ba46-9ac2fcd897e6,"https://dlc.services/iiif-img/7/32/50045ba7-6813-4ea6-ba46-9ac2fcd897e6/full/512,/0/default.jpg",https://webdata.tudelft.nl/staff-umbrella/digitalcollections/library/kaartenkamer/waterstaatskaart/2e/tweede-editie/30-s-Gravenhage-3.jpg,https://dlc.services/iiif-img/7/32/50045ba7-6813-4ea6-ba46-9ac2fcd897e6,2,30,3,-1,s Gravenhage,-1,30-s-Gravenhage-3
d72ab4ec-d0f6-4632-aa92-fd77e63ef673,"https://dlc.services/iiif-img/7/32/d72ab4ec-d0f6-4632-aa92-fd77e63ef673/full/512,/0/default.jpg",https://webdata.tudelft.nl/staff-umbrella/digitalcollections/library/kaartenkamer/waterstaatskaart/2e/tweede-editie/31-Utrecht-2.jpg,https://dlc.services/iiif-img/7/32/d72ab4ec-d0f6-4632-aa92-fd77e63ef673,2,31,2,-1,Utrecht,-1,31-Utrecht-2
a0f0c0f2-8db9-465e-b14c-bbe5962ee299,"https://dlc.services/iiif-img/7/32/a0f0c0f2-8db9-465e-b14c-bbe5962ee299/full/512,/0/default.jpg",https://webdata.tudelft.nl/staff-umbrella/digitalcollections/library/kaartenkamer/waterstaatskaart/2e/tweede-editie/31-Utrecht-4.jpg,https://dlc.services/iiif-img/7/32/a0f0c0f2-8db9-465e-b14c-bbe5962ee299,2,31,4,-1,Utrecht,-1,31-Utrecht-4
5f443e2e-31de-480b-93b6-8c3d25763d6e,"https://dlc.services/iiif-img/7/32/5f443e2e-31de-480b-93b6-8c3d25763d6e/full/512,/0/default.jpg",https://webdata.tudelft.nl/staff-umbrella/digitalcollections/library/kaartenkamer/waterstaatskaart/2e/tweede-editie/31-Utrecht-West.jpg,https://dlc.services/iiif-img/7/32/5f443e2e-31de-480b-93b6-8c3d25763d6e,2,31,-1,-1,Utrecht West,-1,31-Utrecht-West
4467d0d5-ccf8-4e68-a1c2-2f6b113cbbc0,"https://dlc.services/iiif-img/7/32/4467d0d5-ccf8-4e68-a1c2-2f6b113cbbc0/full/512,/0/default.jpg",https://webdata.tudelft.nl/staff-umbrella/digitalcollections/library/kaartenkamer/waterstaatskaart/2e/tweede-editie/32-Amersfoort-1.jpg,https://dlc.services/iiif-img/7/32/4467d0d5-ccf8-4e68-a1c2-2f6b113cbbc0,2,32,1,-1,Amersfoort,-1,32-Amersfoort-1
3b6abf06-74ae-48e4-95e6-2066ba27eaff,"https://dlc.services/iiif-img/7/32/3b6abf06-74ae-48e4-95e6-2066ba27eaff/full/512,/0/default.jpg",https://webdata.tudelft.nl/staff-umbrella/digitalcollections/library/kaartenkamer/waterstaatskaart/2e/tweede-editie/32-Amersfoort-2.jpg,https://dlc.services/iiif-img/7/32/3b6abf06-74ae-48e4-95e6-2066ba27eaff,2,32,2,-1,Amersfoort,-1,32-Amersfoort-2
bd619c80-3239-4255-aa55-2cf7513c6ee0,"https://dlc.services/iiif-img/7/32/bd619c80-3239-4255-aa55-2cf7513c6ee0/full/512,/0/default.jpg",https://webdata.tudelft.nl/staff-umbrella/digitalcollections/library/kaartenkamer/waterstaatskaart/2e/tweede-editie/32-Amersfoort-3.jpg,https://dlc.services/iiif-img/7/32/bd619c80-3239-4255-aa55-2cf7513c6ee0,2,32,3,-1,Amersfoort,-1,32-Amersfoort-3
f5594c59-843c-4a2f-bf2f-28f8c43e5c92,"https://dlc.services/iiif-img/7/32/f5594c59-843c-4a2f-bf2f-28f8c43e5c92/full/512,/0/default.jpg",https://webdata.tudelft.nl/staff-umbrella/digitalcollections/library/kaartenkamer/waterstaatskaart/2e/tweede-editie/32-Amersfoort-4.jpg,https://dlc.services/iiif-img/7/32/f5594c59-843c-4a2f-bf2f-28f8c43e5c92,2,32,4,-1,Amersfoort,-1,32-Amersfoort-4
09f70ba7-c581-4a6e-83e2-03318640d8d0,"https://dlc.services/iiif-img/7/32/09f70ba7-c581-4a6e-83e2-03318640d8d0/full/512,/0/default.jpg",https://webdata.tudelft.nl/staff-umbrella/digitalcollections/library/kaartenkamer/waterstaatskaart/2e/tweede-editie/33-Zutphen-Oost.jpg,https://dlc.services/iiif-img/7/32/09f70ba7-c581-4a6e-83e2-03318640d8d0,2,33,-1,-1,Zutphen Oost,-1,33-Zutphen-Oost
61cbb9cc-ff73-4919-8d32-ab2db523d0da,"https://dlc.services/iiif-img/7/32/61cbb9cc-ff73-4919-8d32-ab2db523d0da/full/512,/0/default.jpg",https://webdata.tudelft.nl/staff-umbrella/digitalcollections/library/kaartenkamer/waterstaatskaart/2e/tweede-editie/33-Zutphen-West.jpg,https://dlc.services/iiif-img/7/32/61cbb9cc-ff73-4919-8d32-ab2db523d0da,2,33,-1,-1,Zutphen West,-1,33-Zutphen-West
9d8d5ce2-7d19-46ea-9416-9a612adbbdf7,"https://dlc.services/iiif-img/7/32/9d8d5ce2-7d19-46ea-9416-9a612adbbdf7/full/512,/0/default.jpg",https://webdata.tudelft.nl/staff-umbrella/digitalcollections/library/kaartenkamer/waterstaatskaart/2e/tweede-editie/34-Groenlo-1.jpg,https://dlc.services/iiif-img/7/32/9d8d5ce2-7d19-46ea-9416-9a612adbbdf7,2,34,1,-1,Groenlo,-1,34-Groenlo-1
0c33e9ab-0c08-4606-9d78-c917b1d4822c,"https://dlc.services/iiif-img/7/32/0c33e9ab-0c08-4606-9d78-c917b1d4822c/full/512,/0/default.jpg",https://webdata.tudelft.nl/staff-umbrella/digitalcollections/library/kaartenkamer/waterstaatskaart/2e/tweede-editie/34-Groenlo-2.jpg,https://dlc.services/iiif-img/7/32/0c33e9ab-0c08-4606-9d78-c917b1d4822c,2,34,2,-1,Groenlo,-1,34-Groenlo-2
1d982c00-b8b9-4923-b2ea-8e2b47e6fd4f,"https://dlc.services/iiif-img/7/32/1d982c00-b8b9-4923-b2ea-8e2b47e6fd4f/full/512,/0/default.jpg",https://webdata.tudelft.nl/staff-umbrella/digitalcollections/library/kaartenkamer/waterstaatskaart/2e/tweede-editie/34-Groenlo-3.jpg,https://dlc.services/iiif-img/7/32/1d982c00-b8b9-4923-b2ea-8e2b47e6fd4f,2,34,3,-1,Groenlo,-1,34-Groenlo-3
3e48e740-b5a3-4926-80ec-a8aabe75dcf9,"https://dlc.services/iiif-img/7/32/3e48e740-b5a3-4926-80ec-a8aabe75dcf9/full/512,/0/default.jpg",https://webdata.tudelft.nl/staff-umbrella/digitalcollections/library/kaartenkamer/waterstaatskaart/2e/tweede-editie/34-Groenlo-4.jpg,https://dlc.services/iiif-img/7/32/3e48e740-b5a3-4926-80ec-a8aabe75dcf9,2,34,4,-1,Groenlo,-1,34-Groenlo-4
bfb1710b-236d-45cb-a7b7-302768a653e1,"https://dlc.services/iiif-img/7/32/bfb1710b-236d-45cb-a7b7-302768a653e1/full/512,/0/default.jpg",https://webdata.tudelft.nl/staff-umbrella/digitalcollections/library/kaartenkamer/waterstaatskaart/2e/tweede-editie/36-Goedereede.jpg,https://dlc.services/iiif-img/7/32/bfb1710b-236d-45cb-a7b7-302768a653e1,2,36,-1,-1,Goedereede,-1,36-Goedereede
753dfe32-fb06-43e2-9b51-24c237456766,"https://dlc.services/iiif-img/7/32/753dfe32-fb06-43e2-9b51-24c237456766/full/512,/0/default.jpg",https://webdata.tudelft.nl/staff-umbrella/digitalcollections/library/kaartenkamer/waterstaatskaart/2e/tweede-editie/37-Rotterdam-Oost-1936.jpg,https://dlc.services/iiif-img/7/32/753dfe32-fb06-43e2-9b51-24c237456766,2,37,-1,-1,Rotterdam Oost,1936,37-Rotterdam-Oost-1936
fdaec92e-30f6-41da-898b-9470a2e90bb2,"https://dlc.services/iiif-img/7/32/fdaec92e-30f6-41da-898b-9470a2e90bb2/full/512,/0/default.jpg",https://webdata.tudelft.nl/staff-umbrella/digitalcollections/library/kaartenkamer/waterstaatskaart/2e/tweede-editie/37-Rotterdam-West.jpg,https://dlc.services/iiif-img/7/32/fdaec92e-30f6-41da-898b-9470a2e90bb2,2,37,-1,-1,Rotterdam West,-1,37-Rotterdam-West
eb2701cf-ccd5-4f07-a0bb-a49074f3d843,"https://dlc.services/iiif-img/7/32/eb2701cf-ccd5-4f07-a0bb-a49074f3d843/full/512,/0/default.jpg",https://webdata.tudelft.nl/staff-umbrella/digitalcollections/library/kaartenkamer/waterstaatskaart/2e/tweede-editie/38-Gorinchem-1.jpg,https://dlc.services/iiif-img/7/32/eb2701cf-ccd5-4f07-a0bb-a49074f3d843,2,38,1,-1,Gorinchem,-1,38-Gorinchem-1
7f4585bf-883e-4c3f-857c-8f58530ab9f1,"https://dlc.services/iiif-img/7/32/7f4585bf-883e-4c3f-857c-8f58530ab9f1/full/512,/0/default.jpg",https://webdata.tudelft.nl/staff-umbrella/digitalcollections/library/kaartenkamer/waterstaatskaart/2e/tweede-editie/38-Gorinchem-2.jpg,https://dlc.services/iiif-img/7/32/7f4585bf-883e-4c3f-857c-8f58530ab9f1,2,38,2,-1,Gorinchem,-1,38-Gorinchem-2
d7b205a8-1be4-450d-8ef0-050aecedbcbe,"https://dlc.services/iiif-img/7/32/d7b205a8-1be4-450d-8ef0-050aecedbcbe/full/512,/0/default.jpg",https://webdata.tudelft.nl/staff-umbrella/digitalcollections/library/kaartenkamer/waterstaatskaart/2e/tweede-editie/38-Gorinchem-3.jpg,https://dlc.services/iiif-img/7/32/d7b205a8-1be4-450d-8ef0-050aecedbcbe,2,38,3,-1,Gorinchem,-1,38-Gorinchem-3
eb4a684f-7546-4bd7-b71f-ee262c0139e2,"https://dlc.services/iiif-img/7/32/eb4a684f-7546-4bd7-b71f-ee262c0139e2/full/512,/0/default.jpg",https://webdata.tudelft.nl/staff-umbrella/digitalcollections/library/kaartenkamer/waterstaatskaart/2e/tweede-editie/38-Gorinchem-4.jpg,https://dlc.services/iiif-img/7/32/eb4a684f-7546-4bd7-b71f-ee262c0139e2,2,38,4,-1,Gorinchem,-1,38-Gorinchem-4
5fbdc79a-6b68-409a-8164-2a9cb0316d45,"https://dlc.services/iiif-img/7/32/5fbdc79a-6b68-409a-8164-2a9cb0316d45/full/512,/0/default.jpg",https://webdata.tudelft.nl/staff-umbrella/digitalcollections/library/kaartenkamer/waterstaatskaart/2e/tweede-editie/39-Rhenen-1.jpg,https://dlc.services/iiif-img/7/32/5fbdc79a-6b68-409a-8164-2a9cb0316d45,2,39,1,-1,Rhenen,-1,39-Rhenen-1
0edf9868-0eba-455c-b872-c675213c1d0c,"https://dlc.services/iiif-img/7/32/0edf9868-0eba-455c-b872-c675213c1d0c/full/512,/0/default.jpg",https://webdata.tudelft.nl/staff-umbrella/digitalcollections/library/kaartenkamer/waterstaatskaart/2e/tweede-editie/39-Rhenen-2.jpg,https://dlc.services/iiif-img/7/32/0edf9868-0eba-455c-b872-c675213c1d0c,2,39,2,-1,Rhenen,-1,39-Rhenen-2
3c8002af-bfd3-4cdb-b7a7-b56a24ab3140,"https://dlc.services/iiif-img/7/32/3c8002af-bfd3-4cdb-b7a7-b56a24ab3140/full/512,/0/default.jpg",https://webdata.tudelft.nl/staff-umbrella/digitalcollections/library/kaartenkamer/waterstaatskaart/2e/tweede-editie/39-Rhenen-3.jpg,https://dlc.services/iiif-img/7/32/3c8002af-bfd3-4cdb-b7a7-b56a24ab3140,2,39,3,-1,Rhenen,-1,39-Rhenen-3
0d436ed1-adbf-4683-8525-eb910428721d,"https://dlc.services/iiif-img/7/32/0d436ed1-adbf-4683-8525-eb910428721d/full/512,/0/default.jpg",https://webdata.tudelft.nl/staff-umbrella/digitalcollections/library/kaartenkamer/waterstaatskaart/2e/tweede-editie/39-Rhenen-4.jpg,https://dlc.services/iiif-img/7/32/0d436ed1-adbf-4683-8525-eb910428721d,2,39,4,-1,Rhenen,-1,39-Rhenen-4
dd660734-7b28-494f-a6ba-270e05a2af22,"https://dlc.services/iiif-img/7/32/dd660734-7b28-494f-a6ba-270e05a2af22/full/512,/0/default.jpg",https://webdata.tudelft.nl/staff-umbrella/digitalcollections/library/kaartenkamer/waterstaatskaart/2e/tweede-editie/40-Arnhem-1.jpg,https://dlc.services/iiif-img/7/32/dd660734-7b28-494f-a6ba-270e05a2af22,2,40,1,-1,Arnhem,-1,40-Arnhem-1
6b2b3ecc-da35-4305-a7b9-9f6bd370cd51,"https://dlc.services/iiif-img/7/32/6b2b3ecc-da35-4305-a7b9-9f6bd370cd51/full/512,/0/default.jpg",https://webdata.tudelft.nl/staff-umbrella/digitalcollections/library/kaartenkamer/waterstaatskaart/2e/tweede-editie/40-Arnhem-2.jpg,https://dlc.services/iiif-img/7/32/6b2b3ecc-da35-4305-a7b9-9f6bd370cd51,2,40,2,-1,Arnhem,-1,40-Arnhem-2
956c803b-e77c-4fd2-9deb-c1a2766e28fc,"https://dlc.services/iiif-img/7/32/956c803b-e77c-4fd2-9deb-c1a2766e28fc/full/512,/0/default.jpg",https://webdata.tudelft.nl/staff-umbrella/digitalcollections/library/kaartenkamer/waterstaatskaart/2e/tweede-editie/40-Arnhem-3.jpg,https://dlc.services/iiif-img/7/32/956c803b-e77c-4fd2-9deb-c1a2766e28fc,2,40,3,-1,Arnhem,-1,40-Arnhem-3
6d2c7e34-2ce8-42dd-a603-3b71af311b23,"https://dlc.services/iiif-img/7/32/6d2c7e34-2ce8-42dd-a603-3b71af311b23/full/512,/0/default.jpg",https://webdata.tudelft.nl/staff-umbrella/digitalcollections/library/kaartenkamer/waterstaatskaart/2e/tweede-editie/40-Arnhem-4.jpg,https://dlc.services/iiif-img/7/32/6d2c7e34-2ce8-42dd-a603-3b71af311b23,2,40,4,-1,Arnhem,-1,40-Arnhem-4
7c47e698-32e0-46be-9726-81ab70eb8d9a,"https://dlc.services/iiif-img/7/32/7c47e698-32e0-46be-9726-81ab70eb8d9a/full/512,/0/default.jpg",https://webdata.tudelft.nl/staff-umbrella/digitalcollections/library/kaartenkamer/waterstaatskaart/2e/tweede-editie/41-Aalten-1.jpg,https://dlc.services/iiif-img/7/32/7c47e698-32e0-46be-9726-81ab70eb8d9a,2,41,1,-1,Aalten,-1,41-Aalten-1
1d524592-10f5-46d4-bf6a-76a6eef229d2,"https://dlc.services/iiif-img/7/32/1d524592-10f5-46d4-bf6a-76a6eef229d2/full/512,/0/default.jpg",https://webdata.tudelft.nl/staff-umbrella/digitalcollections/library/kaartenkamer/waterstaatskaart/2e/tweede-editie/41-Aalten-2.jpg,https://dlc.services/iiif-img/7/32/1d524592-10f5-46d4-bf6a-76a6eef229d2,2,41,2,-1,Aalten,-1,41-Aalten-2
7fc0839c-c060-4873-872a-4bf0eced57b0,"https://dlc.services/iiif-img/7/32/7fc0839c-c060-4873-872a-4bf0eced57b0/full/512,/0/default.jpg",https://webdata.tudelft.nl/staff-umbrella/digitalcollections/library/kaartenkamer/waterstaatskaart/2e/tweede-editie/41-Aalten-3.jpg,https://dlc.services/iiif-img/7/32/7fc0839c-c060-4873-872a-4bf0eced57b0,2,41,3,-1,Aalten,-1,41-Aalten-3
daf5146e-da4c-4b2a-9601-4596fb68b2d3,"https://dlc.services/iiif-img/7/32/daf5146e-da4c-4b2a-9601-4596fb68b2d3/full/512,/0/default.jpg",https://webdata.tudelft.nl/staff-umbrella/digitalcollections/library/kaartenkamer/waterstaatskaart/2e/tweede-editie/42-Zierikzee-1.jpg,https://dlc.services/iiif-img/7/32/daf5146e-da4c-4b2a-9601-4596fb68b2d3,2,42,1,-1,Zierikzee,-1,42-Zierikzee-1
ba2ab099-e113-4337-9966-2c757763d965,"https://dlc.services/iiif-img/7/32/ba2ab099-e113-4337-9966-2c757763d965/full/512,/0/default.jpg",https://webdata.tudelft.nl/staff-umbrella/digitalcollections/library/kaartenkamer/waterstaatskaart/2e/tweede-editie/42-Zierikzee-2.jpg,https://dlc.services/iiif-img/7/32/ba2ab099-e113-4337-9966-2c757763d965,2,42,2,-1,Zierikzee,-1,42-Zierikzee-2
39586f2b-9dcc-479a-b21d-f331e663bff3,"https://dlc.services/iiif-img/7/32/39586f2b-9dcc-479a-b21d-f331e663bff3/full/512,/0/default.jpg",https://webdata.tudelft.nl/staff-umbrella/digitalcollections/library/kaartenkamer/waterstaatskaart/2e/tweede-editie/43-Willemstad-1.jpg,https://dlc.services/iiif-img/7/32/39586f2b-9dcc-479a-b21d-f331e663bff3,2,43,1,-1,Willemstad,-1,43-Willemstad-1
6f79fa55-30dd-41d9-b983-8e60e0a0a611,"https://dlc.services/iiif-img/7/32/6f79fa55-30dd-41d9-b983-8e60e0a0a611/full/512,/0/default.jpg",https://webdata.tudelft.nl/staff-umbrella/digitalcollections/library/kaartenkamer/waterstaatskaart/2e/tweede-editie/43-Willemstad-2.jpg,https://dlc.services/iiif-img/7/32/6f79fa55-30dd-41d9-b983-8e60e0a0a611,2,43,2,-1,Willemstad,-1,43-Willemstad-2
dc3ab07d-653f-4a17-bf28-7365c99f7a5f,"https://dlc.services/iiif-img/7/32/dc3ab07d-653f-4a17-bf28-7365c99f7a5f/full/512,/0/default.jpg",https://webdata.tudelft.nl/staff-umbrella/digitalcollections/library/kaartenkamer/waterstaatskaart/2e/tweede-editie/43-Willemstad-3.jpg,https://dlc.services/iiif-img/7/32/dc3ab07d-653f-4a17-bf28-7365c99f7a5f,2,43,3,-1,Willemstad,-1,43-Willemstad-3
d58459be-3b67-493a-ab5c-593d99d453f1,"https://dlc.services/iiif-img/7/32/d58459be-3b67-493a-ab5c-593d99d453f1/full/512,/0/default.jpg",https://webdata.tudelft.nl/staff-umbrella/digitalcollections/library/kaartenkamer/waterstaatskaart/2e/tweede-editie/43-Willemstad-4.jpg,https://dlc.services/iiif-img/7/32/d58459be-3b67-493a-ab5c-593d99d453f1,2,43,4,-1,Willemstad,-1,43-Willemstad-4
b4d0d18d-d55c-4d5a-9f7e-2ffff70e0812,"https://dlc.services/iiif-img/7/32/b4d0d18d-d55c-4d5a-9f7e-2ffff70e0812/full/512,/0/default.jpg",https://webdata.tudelft.nl/staff-umbrella/digitalcollections/library/kaartenkamer/waterstaatskaart/2e/tweede-editie/44-Geertruidenberg-1.jpg,https://dlc.services/iiif-img/7/32/b4d0d18d-d55c-4d5a-9f7e-2ffff70e0812,2,44,1,-1,Geertruidenberg,-1,44-Geertruidenberg-1
4a6012ad-53b0-4704-95f6-09d473523d21,"https://dlc.services/iiif-img/7/32/4a6012ad-53b0-4704-95f6-09d473523d21/full/512,/0/default.jpg",https://webdata.tudelft.nl/staff-umbrella/digitalcollections/library/kaartenkamer/waterstaatskaart/2e/tweede-editie/44-Geertruidenberg-2.jpg,https://dlc.services/iiif-img/7/32/4a6012ad-53b0-4704-95f6-09d473523d21,2,44,2,-1,Geertruidenberg,-1,44-Geertruidenberg-2
5d341ec5-8bea-4a3c-92c1-841bbaae29b1,"https://dlc.services/iiif-img/7/32/5d341ec5-8bea-4a3c-92c1-841bbaae29b1/full/512,/0/default.jpg",https://webdata.tudelft.nl/staff-umbrella/digitalcollections/library/kaartenkamer/waterstaatskaart/2e/tweede-editie/44-Geertruidenberg-3.jpg,https://dlc.services/iiif-img/7/32/5d341ec5-8bea-4a3c-92c1-841bbaae29b1,2,44,3,-1,Geertruidenberg,-1,44-Geertruidenberg-3
0e92888f-4c6a-4f7a-9d2a-807025e2db47,"https://dlc.services/iiif-img/7/32/0e92888f-4c6a-4f7a-9d2a-807025e2db47/full/512,/0/default.jpg",https://webdata.tudelft.nl/staff-umbrella/digitalcollections/library/kaartenkamer/waterstaatskaart/2e/tweede-editie/44-Geertruidenberg-4.jpg,https://dlc.services/iiif-img/7/32/0e92888f-4c6a-4f7a-9d2a-807025e2db47,2,44,4,-1,Geertruidenberg,-1,44-Geertruidenberg-4
fa9ae902-bf4b-409f-ba02-cbd1b6a31e33,"https://dlc.services/iiif-img/7/32/fa9ae902-bf4b-409f-ba02-cbd1b6a31e33/full/512,/0/default.jpg",https://webdata.tudelft.nl/staff-umbrella/digitalcollections/library/kaartenkamer/waterstaatskaart/2e/tweede-editie/45-s-Hertogenbosch-1.jpg,https://dlc.services/iiif-img/7/32/fa9ae902-bf4b-409f-ba02-cbd1b6a31e33,2,45,1,-1,s Hertogenbosch,-1,45-s-Hertogenbosch-1
c435a94c-8410-492c-adc8-56716fae5b6c,"https://dlc.services/iiif-img/7/32/c435a94c-8410-492c-adc8-56716fae5b6c/full/512,/0/default.jpg",https://webdata.tudelft.nl/staff-umbrella/digitalcollections/library/kaartenkamer/waterstaatskaart/2e/tweede-editie/45-s-Hertogenbosch-2.jpg,https://dlc.services/iiif-img/7/32/c435a94c-8410-492c-adc8-56716fae5b6c,2,45,2,-1,s Hertogenbosch,-1,45-s-Hertogenbosch-2
22b26821-095e-49b6-b95b-677354480b80,"https://dlc.services/iiif-img/7/32/22b26821-095e-49b6-b95b-677354480b80/full/512,/0/default.jpg",https://webdata.tudelft.nl/staff-umbrella/digitalcollections/library/kaartenkamer/waterstaatskaart/2e/tweede-editie/45-s-Hertogenbosch-3.jpg,https://dlc.services/iiif-img/7/32/22b26821-095e-49b6-b95b-677354480b80,2,45,3,-1,s Hertogenbosch,-1,45-s-Hertogenbosch-3
32d72623-a2b9-4d3b-89c6-756433f5fea5,"https://dlc.services/iiif-img/7/32/32d72623-a2b9-4d3b-89c6-756433f5fea5/full/512,/0/default.jpg",https://webdata.tudelft.nl/staff-umbrella/digitalcollections/library/kaartenkamer/waterstaatskaart/2e/tweede-editie/45-s-Hertogenbosch-4.jpg,https://dlc.services/iiif-img/7/32/32d72623-a2b9-4d3b-89c6-756433f5fea5,2,45,4,-1,s Hertogenbosch,-1,45-s-Hertogenbosch-4
1d9d6d07-923b-49a1-9e8f-d4647ee77fcf,"https://dlc.services/iiif-img/7/32/1d9d6d07-923b-49a1-9e8f-d4647ee77fcf/full/512,/0/default.jpg",https://webdata.tudelft.nl/staff-umbrella/digitalcollections/library/kaartenkamer/waterstaatskaart/2e/tweede-editie/46-Vierlingsbeek-1.jpg,https://dlc.services/iiif-img/7/32/1d9d6d07-923b-49a1-9e8f-d4647ee77fcf,2,46,1,-1,Vierlingsbeek,-1,46-Vierlingsbeek-1
1bcc1587-34ba-4214-9ac3-96d9753f7562,"https://dlc.services/iiif-img/7/32/1bcc1587-34ba-4214-9ac3-96d9753f7562/full/512,/0/default.jpg",https://webdata.tudelft.nl/staff-umbrella/digitalcollections/library/kaartenkamer/waterstaatskaart/2e/tweede-editie/46-Vierlingsbeek-2.jpg,https://dlc.services/iiif-img/7/32/1bcc1587-34ba-4214-9ac3-96d9753f7562,2,46,2,-1,Vierlingsbeek,-1,46-Vierlingsbeek-2
ed16aefa-588b-4fda-9235-7ceeba21dfe0,"https://dlc.services/iiif-img/7/32/ed16aefa-588b-4fda-9235-7ceeba21dfe0/full/512,/0/default.jpg",https://webdata.tudelft.nl/staff-umbrella/digitalcollections/library/kaartenkamer/waterstaatskaart/2e/tweede-editie/46-Vierlingsbeek-3.jpg,https://dlc.services/iiif-img/7/32/ed16aefa-588b-4fda-9235-7ceeba21dfe0,2,46,3,-1,Vierlingsbeek,-1,46-Vierlingsbeek-3
dcf71cab-2a82-4383-9c8c-d25e821387ed,"https://dlc.services/iiif-img/7/32/dcf71cab-2a82-4383-9c8c-d25e821387ed/full/512,/0/default.jpg",https://webdata.tudelft.nl/staff-umbrella/digitalcollections/library/kaartenkamer/waterstaatskaart/2e/tweede-editie/48-Middelburg-1.jpg,https://dlc.services/iiif-img/7/32/dcf71cab-2a82-4383-9c8c-d25e821387ed,2,48,1,-1,Middelburg,-1,48-Middelburg-1
1b603680-b20b-4179-b7b8-9e1526d705fe,"https://dlc.services/iiif-img/7/32/1b603680-b20b-4179-b7b8-9e1526d705fe/full/512,/0/default.jpg",https://webdata.tudelft.nl/staff-umbrella/digitalcollections/library/kaartenkamer/waterstaatskaart/2e/tweede-editie/48-Middelburg-2.jpg,https://dlc.services/iiif-img/7/32/1b603680-b20b-4179-b7b8-9e1526d705fe,2,48,2,-1,Middelburg,-1,48-Middelburg-2
19f661f9-d24e-4ae1-b519-4b4ddba6261a,"https://dlc.services/iiif-img/7/32/19f661f9-d24e-4ae1-b519-4b4ddba6261a/full/512,/0/default.jpg",https://webdata.tudelft.nl/staff-umbrella/digitalcollections/library/kaartenkamer/waterstaatskaart/2e/tweede-editie/48-Middelburg-3.jpg,https://dlc.services/iiif-img/7/32/19f661f9-d24e-4ae1-b519-4b4ddba6261a,2,48,3,-1,Middelburg,-1,48-Middelburg-3
7125c209-78a4-4261-906d-c5689943b0ad,"https://dlc.services/iiif-img/7/32/7125c209-78a4-4261-906d-c5689943b0ad/full/512,/0/default.jpg",https://webdata.tudelft.nl/staff-umbrella/digitalcollections/library/kaartenkamer/waterstaatskaart/2e/tweede-editie/48-Middelburg-4.jpg,https://dlc.services/iiif-img/7/32/7125c209-78a4-4261-906d-c5689943b0ad,2,48,4,-1,Middelburg,-1,48-Middelburg-4
5748809a-8990-40f1-887b-95f5e06405af,"https://dlc.services/iiif-img/7/32/5748809a-8990-40f1-887b-95f5e06405af/full/512,/0/default.jpg",https://webdata.tudelft.nl/staff-umbrella/digitalcollections/library/kaartenkamer/waterstaatskaart/2e/tweede-editie/49-Bergen-op-Zoom-1.jpg,https://dlc.services/iiif-img/7/32/5748809a-8990-40f1-887b-95f5e06405af,2,49,1,-1,Bergen op Zoom,-1,49-Bergen-op-Zoom-1
3dd95412-5c6e-4f96-ab35-45f8bd9dc467,"https://dlc.services/iiif-img/7/32/3dd95412-5c6e-4f96-ab35-45f8bd9dc467/full/512,/0/default.jpg",https://webdata.tudelft.nl/staff-umbrella/digitalcollections/library/kaartenkamer/waterstaatskaart/2e/tweede-editie/49-Bergen-op-Zoom-2.jpg,https://dlc.services/iiif-img/7/32/3dd95412-5c6e-4f96-ab35-45f8bd9dc467,2,49,2,-1,Bergen op Zoom,-1,49-Bergen-op-Zoom-2
231c4f1d-1fe1-4b7b-a245-78588596790b,"https://dlc.services/iiif-img/7/32/231c4f1d-1fe1-4b7b-a245-78588596790b/full/512,/0/default.jpg",https://webdata.tudelft.nl/staff-umbrella/digitalcollections/library/kaartenkamer/waterstaatskaart/2e/tweede-editie/49-Bergen-op-Zoom-3.jpg,https://dlc.services/iiif-img/7/32/231c4f1d-1fe1-4b7b-a245-78588596790b,2,49,3,-1,Bergen op Zoom,-1,49-Bergen-op-Zoom-3
b3f43058-32f6-45f8-aec3-e39546d742e6,"https://dlc.services/iiif-img/7/32/b3f43058-32f6-45f8-aec3-e39546d742e6/full/512,/0/default.jpg",https://webdata.tudelft.nl/staff-umbrella/digitalcollections/library/kaartenkamer/waterstaatskaart/2e/tweede-editie/49-Bergen-op-Zoom-4.jpg,https://dlc.services/iiif-img/7/32/b3f43058-32f6-45f8-aec3-e39546d742e6,2,49,4,-1,Bergen op Zoom,-1,49-Bergen-op-Zoom-4
a57386f0-6c4e-4f0d-af99-7507fe663cab,"https://dlc.services/iiif-img/7/32/a57386f0-6c4e-4f0d-af99-7507fe663cab/full/512,/0/default.jpg",https://webdata.tudelft.nl/staff-umbrella/digitalcollections/library/kaartenkamer/waterstaatskaart/2e/tweede-editie/50-Breda-1.jpg,https://dlc.services/iiif-img/7/32/a57386f0-6c4e-4f0d-af99-7507fe663cab,2,50,1,-1,Breda,-1,50-Breda-1
1b840522-3465-4520-8ad0-edf1440b63f5,"https://dlc.services/iiif-img/7/32/1b840522-3465-4520-8ad0-edf1440b63f5/full/512,/0/default.jpg",https://webdata.tudelft.nl/staff-umbrella/digitalcollections/library/kaartenkamer/waterstaatskaart/2e/tweede-editie/50-Breda-2.jpg,https://dlc.services/iiif-img/7/32/1b840522-3465-4520-8ad0-edf1440b63f5,2,50,2,-1,Breda,-1,50-Breda-2
bda84868-6b84-4ebd-bb60-2b7254c66ecd,"https://dlc.services/iiif-img/7/32/bda84868-6b84-4ebd-bb60-2b7254c66ecd/full/512,/0/default.jpg",https://webdata.tudelft.nl/staff-umbrella/digitalcollections/library/kaartenkamer/waterstaatskaart/2e/tweede-editie/50-Breda-3.jpg,https://dlc.services/iiif-img/7/32/bda84868-6b84-4ebd-bb60-2b7254c66ecd,2,50,3,-1,Breda,-1,50-Breda-3
461eabbc-bdb5-4a76-b7a7-0bfafd4934cd,"https://dlc.services/iiif-img/7/32/461eabbc-bdb5-4a76-b7a7-0bfafd4934cd/full/512,/0/default.jpg",https://webdata.tudelft.nl/staff-umbrella/digitalcollections/library/kaartenkamer/waterstaatskaart/2e/tweede-editie/50-Breda-4.jpg,https://dlc.services/iiif-img/7/32/461eabbc-bdb5-4a76-b7a7-0bfafd4934cd,2,50,4,-1,Breda,-1,50-Breda-4
c268c74a-8caa-49c6-be74-ea46f96053c6,"https://dlc.services/iiif-img/7/32/c268c74a-8caa-49c6-be74-ea46f96053c6/full/512,/0/default.jpg",https://webdata.tudelft.nl/staff-umbrella/digitalcollections/library/kaartenkamer/waterstaatskaart/2e/tweede-editie/51-Eindhoven-1.jpg,https://dlc.services/iiif-img/7/32/c268c74a-8caa-49c6-be74-ea46f96053c6,2,51,1,-1,Eindhoven,-1,51-Eindhoven-1
ea373203-658a-4a86-8d44-1b3f04abb33f,"https://dlc.services/iiif-img/7/32/ea373203-658a-4a86-8d44-1b3f04abb33f/full/512,/0/default.jpg",https://webdata.tudelft.nl/staff-umbrella/digitalcollections/library/kaartenkamer/waterstaatskaart/2e/tweede-editie/51-Eindhoven-2.jpg,https://dlc.services/iiif-img/7/32/ea373203-658a-4a86-8d44-1b3f04abb33f,2,51,2,-1,Eindhoven,-1,51-Eindhoven-2
bf72a01c-f677-447e-9909-3a52cd93fa61,"https://dlc.services/iiif-img/7/32/bf72a01c-f677-447e-9909-3a52cd93fa61/full/512,/0/default.jpg",https://webdata.tudelft.nl/staff-umbrella/digitalcollections/library/kaartenkamer/waterstaatskaart/2e/tweede-editie/51-Eindhoven-3.jpg,https://dlc.services/iiif-img/7/32/bf72a01c-f677-447e-9909-3a52cd93fa61,2,51,3,-1,Eindhoven,-1,51-Eindhoven-3
c130e5b9-a6e2-4071-ab88-fb2cdcde28ed,"https://dlc.services/iiif-img/7/32/c130e5b9-a6e2-4071-ab88-fb2cdcde28ed/full/512,/0/default.jpg",https://webdata.tudelft.nl/staff-umbrella/digitalcollections/library/kaartenkamer/waterstaatskaart/2e/tweede-editie/51-Eindhoven-4.jpg,https://dlc.services/iiif-img/7/32/c130e5b9-a6e2-4071-ab88-fb2cdcde28ed,2,51,4,-1,Eindhoven,-1,51-Eindhoven-4
9198af10-5b24-4bd6-976b-ef404c006463,"https://dlc.services/iiif-img/7/32/9198af10-5b24-4bd6-976b-ef404c006463/full/512,/0/default.jpg",https://webdata.tudelft.nl/staff-umbrella/digitalcollections/library/kaartenkamer/waterstaatskaart/2e/tweede-editie/52-Venlo-1.jpg,https://dlc.services/iiif-img/7/32/9198af10-5b24-4bd6-976b-ef404c006463,2,52,1,-1,Venlo,-1,52-Venlo-1
957a286d-72e3-4a7d-a8c6-5ed3756b9c86,"https://dlc.services/iiif-img/7/32/957a286d-72e3-4a7d-a8c6-5ed3756b9c86/full/512,/0/default.jpg",https://webdata.tudelft.nl/staff-umbrella/digitalcollections/library/kaartenkamer/waterstaatskaart/2e/tweede-editie/52-Venlo-2.jpg,https://dlc.services/iiif-img/7/32/957a286d-72e3-4a7d-a8c6-5ed3756b9c86,2,52,2,-1,Venlo,-1,52-Venlo-2
f691ae34-e506-48f8-956e-b14cb1e7f85e,"https://dlc.services/iiif-img/7/32/f691ae34-e506-48f8-956e-b14cb1e7f85e/full/512,/0/default.jpg",https://webdata.tudelft.nl/staff-umbrella/digitalcollections/library/kaartenkamer/waterstaatskaart/2e/tweede-editie/52-Venlo-3.jpg,https://dlc.services/iiif-img/7/32/f691ae34-e506-48f8-956e-b14cb1e7f85e,2,52,3,-1,Venlo,-1,52-Venlo-3
c81bcaac-9a0a-4396-aa35-6d9d4f906a68,"https://dlc.services/iiif-img/7/32/c81bcaac-9a0a-4396-aa35-6d9d4f906a68/full/512,/0/default.jpg",https://webdata.tudelft.nl/staff-umbrella/digitalcollections/library/kaartenkamer/waterstaatskaart/2e/tweede-editie/52-Venlo-4.jpg,https://dlc.services/iiif-img/7/32/c81bcaac-9a0a-4396-aa35-6d9d4f906a68,2,52,4,-1,Venlo,-1,52-Venlo-4
b90607f7-a466-4560-8355-ee62d0a92f85,"https://dlc.services/iiif-img/7/32/b90607f7-a466-4560-8355-ee62d0a92f85/full/512,/0/default.jpg",https://webdata.tudelft.nl/staff-umbrella/digitalcollections/library/kaartenkamer/waterstaatskaart/2e/tweede-editie/53-Sluis.jpg,https://dlc.services/iiif-img/7/32/b90607f7-a466-4560-8355-ee62d0a92f85,2,53,-1,-1,Sluis,-1,53-Sluis
b72ffbd0-c645-452c-91f7-ba7c44009e37,"https://dlc.services/iiif-img/7/32/b72ffbd0-c645-452c-91f7-ba7c44009e37/full/512,/0/default.jpg",https://webdata.tudelft.nl/staff-umbrella/digitalcollections/library/kaartenkamer/waterstaatskaart/2e/tweede-editie/54-Neuzen-1.jpg,https://dlc.services/iiif-img/7/32/b72ffbd0-c645-452c-91f7-ba7c44009e37,2,54,1,-1,Neuzen,-1,54-Neuzen-1
f59a0683-b7e9-4846-afdf-7d9cffc34974,"https://dlc.services/iiif-img/7/32/f59a0683-b7e9-4846-afdf-7d9cffc34974/full/512,/0/default.jpg",https://webdata.tudelft.nl/staff-umbrella/digitalcollections/library/kaartenkamer/waterstaatskaart/2e/tweede-editie/54-Neuzen-2.jpg,https://dlc.services/iiif-img/7/32/f59a0683-b7e9-4846-afdf-7d9cffc34974,2,54,2,-1,Neuzen,-1,54-Neuzen-2
0be80f43-e0f4-4ed9-b296-acc493b7e056,"https://dlc.services/iiif-img/7/32/0be80f43-e0f4-4ed9-b296-acc493b7e056/full/512,/0/default.jpg",https://webdata.tudelft.nl/staff-umbrella/digitalcollections/library/kaartenkamer/waterstaatskaart/2e/tweede-editie/54-Neuzen-3.jpg,https://dlc.services/iiif-img/7/32/0be80f43-e0f4-4ed9-b296-acc493b7e056,2,54,3,-1,Neuzen,-1,54-Neuzen-3
4a4c1355-bea1-4d92-a87f-1314d2da807f,"https://dlc.services/iiif-img/7/32/4a4c1355-bea1-4d92-a87f-1314d2da807f/full/512,/0/default.jpg",https://webdata.tudelft.nl/staff-umbrella/digitalcollections/library/kaartenkamer/waterstaatskaart/2e/tweede-editie/55-Hulst.jpg,https://dlc.services/iiif-img/7/32/4a4c1355-bea1-4d92-a87f-1314d2da807f,2,55,-1,-1,Hulst,-1,55-Hulst
10959805-5144-4ef0-9f9f-c847eaffbfa2,"https://dlc.services/iiif-img/7/32/10959805-5144-4ef0-9f9f-c847eaffbfa2/full/512,/0/default.jpg",https://webdata.tudelft.nl/staff-umbrella/digitalcollections/library/kaartenkamer/waterstaatskaart/2e/tweede-editie/57-Valkenswaard-1.jpg,https://dlc.services/iiif-img/7/32/10959805-5144-4ef0-9f9f-c847eaffbfa2,2,57,1,-1,Valkenswaard,-1,57-Valkenswaard-1
7f05b873-594a-48a4-ad26-56eb48518e2c,"https://dlc.services/iiif-img/7/32/7f05b873-594a-48a4-ad26-56eb48518e2c/full/512,/0/default.jpg",https://webdata.tudelft.nl/staff-umbrella/digitalcollections/library/kaartenkamer/waterstaatskaart/2e/tweede-editie/57-Valkenswaard-2.jpg,https://dlc.services/iiif-img/7/32/7f05b873-594a-48a4-ad26-56eb48518e2c,2,57,2,-1,Valkenswaard,-1,57-Valkenswaard-2
d070b0d3-58fa-4a7d-ad7f-9555aee7a948,"https://dlc.services/iiif-img/7/32/d070b0d3-58fa-4a7d-ad7f-9555aee7a948/full/512,/0/default.jpg",https://webdata.tudelft.nl/staff-umbrella/digitalcollections/library/kaartenkamer/waterstaatskaart/2e/tweede-editie/57-Valkenswaard-3.jpg,https://dlc.services/iiif-img/7/32/d070b0d3-58fa-4a7d-ad7f-9555aee7a948,2,57,3,-1,Valkenswaard,-1,57-Valkenswaard-3
5fcdd548-c295-4b16-ba50-aa1cc1881588,"https://dlc.services/iiif-img/7/32/5fcdd548-c295-4b16-ba50-aa1cc1881588/full/512,/0/default.jpg",https://webdata.tudelft.nl/staff-umbrella/digitalcollections/library/kaartenkamer/waterstaatskaart/2e/tweede-editie/58-Roermond-1.jpg,https://dlc.services/iiif-img/7/32/5fcdd548-c295-4b16-ba50-aa1cc1881588,2,58,1,-1,Roermond,-1,58-Roermond-1
9380e140-b274-40b6-82c1-cc499e6e7dde,"https://dlc.services/iiif-img/7/32/9380e140-b274-40b6-82c1-cc499e6e7dde/full/512,/0/default.jpg",https://webdata.tudelft.nl/staff-umbrella/digitalcollections/library/kaartenkamer/waterstaatskaart/2e/tweede-editie/58-Roermond-3.jpg,https://dlc.services/iiif-img/7/32/9380e140-b274-40b6-82c1-cc499e6e7dde,2,58,3,-1,Roermond,-1,58-Roermond-3
f4047a4a-d567-4a43-a2d4-f98435eec2d5,"https://dlc.services/iiif-img/7/32/f4047a4a-d567-4a43-a2d4-f98435eec2d5/full/512,/0/default.jpg",https://webdata.tudelft.nl/staff-umbrella/digitalcollections/library/kaartenkamer/waterstaatskaart/2e/tweede-editie/60-Sittard-1.jpg,https://dlc.services/iiif-img/7/32/f4047a4a-d567-4a43-a2d4-f98435eec2d5,2,60,1,-1,Sittard,-1,60-Sittard-1
25194ee3-7ccc-4e86-bf8c-a6aaa1f07999,"https://dlc.services/iiif-img/7/32/25194ee3-7ccc-4e86-bf8c-a6aaa1f07999/full/512,/0/default.jpg",https://webdata.tudelft.nl/staff-umbrella/digitalcollections/library/kaartenkamer/waterstaatskaart/2e/tweede-editie/60-Sittard-2.jpg,https://dlc.services/iiif-img/7/32/25194ee3-7ccc-4e86-bf8c-a6aaa1f07999,2,60,2,-1,Sittard,-1,60-Sittard-2
71f02df3-3a7b-4cdd-b8ea-ae3b2948f718,"https://dlc.services/iiif-img/7/32/71f02df3-3a7b-4cdd-b8ea-ae3b2948f718/full/512,/0/default.jpg",https://webdata.tudelft.nl/staff-umbrella/digitalcollections/library/kaartenkamer/waterstaatskaart/2e/tweede-editie/60-Sittard-3.jpg,https://dlc.services/iiif-img/7/32/71f02df3-3a7b-4cdd-b8ea-ae3b2948f718,2,60,3,-1,Sittard,-1,60-Sittard-3
34258255-69fc-40cf-9443-842cf5267157,"https://dlc.services/iiif-img/7/32/34258255-69fc-40cf-9443-842cf5267157/full/512,/0/default.jpg",https://webdata.tudelft.nl/staff-umbrella/digitalcollections/library/kaartenkamer/waterstaatskaart/2e/tweede-editie/61-Maastricht.jpg,https://dlc.services/iiif-img/7/32/34258255-69fc-40cf-9443-842cf5267157,2,61,-1,-1,Maastricht,-1,61-Maastricht
313af3c4-fc35-406e-a20f-361457a39783,"https://dlc.services/iiif-img/7/32/313af3c4-fc35-406e-a20f-361457a39783/full/512,/0/default.jpg",https://webdata.tudelft.nl/staff-umbrella/digitalcollections/library/kaartenkamer/waterstaatskaart/2e/tweede-editie/62-Heerlen-1.jpg,https://dlc.services/iiif-img/7/32/313af3c4-fc35-406e-a20f-361457a39783,2,62,1,-1,Heerlen,-1,62-Heerlen-1
8cedcd39-b456-4a55-ba3f-57d7c653f0fc,"https://dlc.services/iiif-img/7/32/8cedcd39-b456-4a55-ba3f-57d7c653f0fc/full/512,/0/default.jpg",https://webdata.tudelft.nl/staff-umbrella/digitalcollections/library/kaartenkamer/waterstaatskaart/2e/tweede-editie/62-Heerlen-2.jpg,https://dlc.services/iiif-img/7/32/8cedcd39-b456-4a55-ba3f-57d7c653f0fc,2,62,2,-1,Heerlen,-1,62-Heerlen-2
0d5d363c-5c45-46bd-bb62-50cf251f71d6,"https://dlc.services/iiif-img/7/32/0d5d363c-5c45-46bd-bb62-50cf251f71d6/full/512,/0/default.jpg",https://webdata.tudelft.nl/staff-umbrella/digitalcollections/library/kaartenkamer/waterstaatskaart/2e/tweede-editie/62-Heerlen-3.jpg,https://dlc.services/iiif-img/7/32/0d5d363c-5c45-46bd-bb62-50cf251f71d6,2,62,3,-1,Heerlen,-1,62-Heerlen-3
